,City,Country,Date,Latitude,Longitude,Temperature,Max Temp,Humidity,Cloudiness,Wind Speed
0,Rikitea,PF,1666577219,-23.1203,-134.9692,73.11,73.11,82,76,12.41
1,Vaini,TO,1666577210,-21.2,-175.2,77.16,77.16,65,20,14.97
2,Albany,US,1666577106,42.6001,-73.9662,50.67,52.54,82,100,1.92
3,George Town,MY,1666577209,5.4112,100.3354,82.53,84.13,78,20,0.0
4,Puerto Ayora,EC,1666577321,-0.7393,-90.3518,66.54,66.54,87,82,5.99
5,Yulara,AU,1666577377,-25.2406,130.9889,79.92,79.92,33,0,9.89
6,Chokurdakh,RU,1666577236,70.6333,147.9167,-2.36,-2.36,95,73,7.52
7,Bredasdorp,ZA,1666577235,-34.5322,20.0403,59.05,59.05,94,32,4.68
8,Provideniya,RU,1666577239,64.3833,-173.3,28.51,28.51,74,100,2.24
9,Torbay,CA,1666577240,47.6666,-52.7314,52.02,53.28,92,52,4.0
10,Kumul,CN,1666577378,42.8,93.45,55.17,55.17,28,3,9.62
11,Upernavik,GL,1666577254,72.7868,-56.1549,22.23,22.23,76,37,6.17
12,Bethel,US,1666577207,41.3712,-73.414,54.86,57.29,68,100,8.05
13,Jamestown,US,1666577213,42.097,-79.2353,52.83,56.84,59,0,5.75
14,Ribeira Grande,PT,1666577238,38.5167,-28.7,63.77,63.77,75,58,8.99
15,Hervey Bay,AU,1666577380,-25.2986,152.8535,75.52,75.52,72,76,10.11
16,Dikson,RU,1666577380,73.5069,80.5464,27.93,27.93,81,100,21.27
17,Carnarvon,AU,1666577381,-24.8667,113.6333,70.43,70.43,62,26,17.36
18,Hermanus,ZA,1666577225,-34.4187,19.2345,64.8,64.8,85,35,10.94
19,Geraldton,AU,1666577214,-28.7667,114.6,65.75,65.75,63,100,17.81
20,Nipawin,CA,1666577381,53.3668,-104.0009,30.09,30.09,92,100,12.82
21,Alofi,NU,1666577382,-19.0595,-169.9187,76.59,76.59,80,100,18.01
22,Goundam,ML,1666577127,16.4145,-3.6708,83.03,83.03,16,76,12.46
23,Lebu,CL,1666577229,-37.6167,-73.65,47.97,47.97,86,100,8.77
24,Ilulissat,GL,1666577382,69.2167,-51.1,28.42,28.42,93,75,0.0
25,Severo-Kuril'sk,RU,1666577219,50.6789,156.125,39.34,39.34,77,60,5.1
26,Cidreira,BR,1666577383,-30.1811,-50.2056,58.35,58.35,83,0,3.53
27,Yellowknife,CA,1666577211,62.456,-114.3525,28.92,28.92,100,75,3.44
28,Chui,UY,1666577384,-33.6971,-53.4616,55.92,55.92,94,32,5.41
29,Ushuaia,AR,1666577208,-54.8,-68.3,42.46,42.46,87,0,5.75
30,Torit,SS,1666577385,4.4133,32.5678,70.21,70.21,88,3,0.63
31,Saint-Philippe,RE,1666577345,-21.3585,55.7679,67.59,67.59,82,45,8.05
32,Meulaboh,ID,1666577385,4.1363,96.1285,79.77,79.77,83,100,4.32
33,Cuenca,EC,1666577322,-2.8833,-78.9833,57.11,57.11,95,100,3.31
34,Leningradskiy,RU,1666577386,69.3833,178.4167,21.15,21.15,93,100,12.8
35,Punta Arenas,CL,1666577215,-53.15,-70.9167,44.71,44.71,70,0,13.8
36,Atuona,PF,1666577188,-9.8,-139.0333,77.11,77.11,75,2,17.34
37,Cintalapa,MX,1666577386,16.6951,-93.7272,69.13,69.13,96,76,2.08
38,Butaritari,KI,1666577250,3.0707,172.7902,81.34,81.34,76,18,10.36
39,Mahébourg,MU,1666577387,-20.4081,57.7,70.09,70.25,94,75,4.61
40,San Andrés,CO,1666577387,12.5847,-81.7006,84.22,84.22,79,40,8.05
41,Hamina,FI,1666577388,60.5697,27.1979,33.08,33.08,82,1,9.78
42,Lavrentiya,RU,1666577388,65.5833,-171.0,30.92,30.92,90,96,4.41
43,Cape Town,ZA,1666577237,-33.9258,18.4232,62.8,65.37,78,1,10.0
44,Barrow,US,1666577389,71.2906,-156.7887,24.82,24.82,86,100,21.85
45,Corinth,GR,1666577389,37.9407,22.9573,67.82,67.82,62,2,2.8
46,Katangli,RU,1666577389,51.7102,143.2326,35.96,35.96,56,67,7.67
47,Saskylakh,RU,1666577251,71.9167,114.0833,0.72,0.72,99,89,3.67
48,Kamuli,UG,1666577390,0.9472,33.1197,63.86,63.86,85,24,1.03
49,Longyearbyen,SJ,1666577391,78.2186,15.6401,22.84,22.84,68,40,10.36
50,Pangnirtung,CA,1666577391,66.1451,-65.7125,23.63,23.63,87,100,8.08
51,Avera,US,1666577348,33.194,-82.5271,56.1,56.71,66,5,3.4
52,Norman Wells,CA,1666576994,65.282,-126.8329,24.84,24.84,93,100,0.0
53,Ende,ID,1666577392,-8.8432,121.6623,87.69,87.69,63,94,4.03
54,Kouango,CF,1666577392,4.9934,19.9619,69.67,69.67,96,79,1.45
55,Wanning,CN,1666577392,18.8003,110.3967,77.22,77.22,89,88,11.1
56,Togur,RU,1666577393,58.3631,82.8265,27.09,27.09,87,97,12.75
57,Constitución,CL,1666577253,-35.3333,-72.4167,46.58,46.58,82,0,7.74
58,Twentynine Palms,US,1666577393,34.1356,-116.0542,61.92,66.92,17,0,1.99
59,Poum,NC,1666577394,-20.2333,164.0167,77.41,77.41,82,37,25.95
60,Gari,RU,1666577394,59.4307,62.3497,33.64,33.64,74,100,15.57
61,Hambantota,LK,1666577395,6.1241,81.1185,77.34,77.34,100,20,6.91
62,Guerrero Negro,MX,1666577395,27.9769,-114.0611,68.79,68.79,71,0,14.41
63,El Obraje,HN,1666577395,14.0,-86.4333,69.57,69.57,97,28,2.35
64,Biak,ID,1666577396,-0.9131,122.8766,84.45,84.45,62,95,2.01
65,Saint George,US,1666577396,37.1041,-113.5841,46.27,48.43,52,0,7.0
66,Mataura,NZ,1666577003,-46.1927,168.8643,51.85,51.85,51,98,5.99
67,Khatanga,RU,1666577397,71.9667,102.5,3.4,3.4,90,65,7.83
68,Adrar,MR,1666577397,20.5022,-10.0711,81.39,81.39,14,3,11.39
69,Road Town,VG,1666577398,18.4167,-64.6167,80.64,80.69,83,40,5.75
70,Arauca,CO,1666577398,7.0847,-70.7591,74.91,74.91,93,99,0.96
71,Haverfordwest,GB,1666577398,51.8017,-4.9691,56.05,56.05,96,100,9.98
72,Cravo Norte,CO,1666577399,6.3017,-70.2041,78.28,78.28,88,100,4.76
73,Korla,CN,1666577399,41.7597,86.1469,54.46,54.46,35,100,6.69
74,Hobart,AU,1666577360,-42.8794,147.3294,55.6,56.26,65,100,12.66
75,Manuk Mangkaw,PH,1666577400,4.8,119.85,82.11,82.11,77,100,6.78
76,San Patricio,US,1666577400,28.017,-97.5169,78.62,80.49,76,100,19.1
77,Gizo Government Station,SB,1666577190,-8.103,156.8419,83.37,83.37,71,95,5.86
78,Hithadhoo,MV,1666577271,-0.6,73.0833,81.5,81.5,73,69,8.16
79,Tasiilaq,GL,1666577401,65.6145,-37.6368,32.16,32.16,99,100,4.41
80,Tuktoyaktuk,CA,1666577278,69.4541,-133.0374,13.01,13.01,82,3,6.42
81,Mar del Plata,AR,1666577217,-38.0023,-57.5575,56.73,57.09,84,41,18.99
82,Castro,BR,1666577218,-24.7911,-50.0119,60.93,60.93,78,47,1.72
83,Jaisalmer,IN,1666577417,26.9147,70.9181,76.77,76.77,21,0,3.71
84,Seoul,KR,1666577417,37.5683,126.9778,58.39,58.39,37,0,7.56
85,Hong Kong,HK,1666577293,22.2855,114.1577,80.26,80.96,65,24,8.99
86,Hermiston,US,1666577418,45.8404,-119.2895,49.14,52.2,59,0,6.91
87,Cherskiy,RU,1666577356,68.75,161.3,10.69,10.69,95,97,5.44
88,Cockburn Town,TC,1666577420,21.4612,-71.1419,81.07,81.07,74,84,12.62
89,Ziyang,CN,1666577421,29.2497,117.8547,72.43,72.43,21,53,11.05
90,Caucayá,CO,1666577422,-0.1934,-74.7819,71.02,71.02,99,100,2.06
91,Berlevåg,NO,1666577277,70.8578,29.0864,35.4,37.4,76,85,11.97
92,Kavieng,PG,1666577423,-2.5744,150.7967,84.29,84.29,65,35,2.73
93,Busselton,AU,1666577253,-33.65,115.3333,64.13,64.13,71,14,18.32
94,Souillac,MU,1666577423,-20.5167,57.5167,70.18,70.18,94,75,4.61
95,Gallup,US,1666577424,35.5281,-108.7426,38.44,39.96,61,100,0.0
96,Broome,US,1666577424,42.2506,-75.833,54.46,56.37,81,96,1.01
97,Esperance,AU,1666577360,-33.8667,121.9,56.44,56.44,80,100,19.73
98,Shingū,JP,1666577426,33.7333,135.9833,69.51,69.51,42,2,2.84
99,Tocopilla,CL,1666577426,-22.092,-70.1979,63.18,63.18,67,3,8.12
100,Kendari,ID,1666577426,-3.945,122.4989,88.25,88.25,60,98,2.89
101,Sur,OM,1666577427,22.5667,59.5289,78.21,78.21,39,0,7.78
102,Muzhi,RU,1666577427,65.3667,64.6667,30.0,30.0,86,67,7.7
103,Gelibolu,TR,1666577428,40.4103,26.6708,51.66,51.66,75,2,4.45
104,East London,ZA,1666577233,-33.0153,27.9116,67.39,67.39,84,100,2.33
105,Zolotukhino,RU,1666577429,52.0842,36.3772,44.67,44.67,93,100,11.12
106,Kaitangata,NZ,1666576992,-46.2817,169.8464,50.65,50.65,55,99,12.35
107,Nexø,DK,1666577429,55.0607,15.1306,55.49,55.49,91,100,15.79
108,Nikolskoye,RU,1666577188,59.7035,30.7861,35.19,35.49,87,1,5.91
109,Vestmanna,FO,1666577430,62.1564,-7.1664,43.72,43.72,87,75,10.36
110,Hofn,IS,1666577228,64.2539,-15.2082,40.35,40.35,82,100,9.66
111,Juba,SS,1666577431,4.8517,31.5825,69.3,69.3,92,14,1.39
112,Bluff,NZ,1666577245,-46.6,168.3333,48.99,48.99,58,80,15.01
113,Pangkalanbuun,ID,1666577431,-2.6833,111.6167,82.53,82.53,71,100,5.21
114,Assiniboia,CA,1666577432,49.6334,-105.9845,28.62,28.62,97,100,19.19
115,Baruun-Urt,MN,1666577432,46.6806,113.2792,45.63,45.63,28,0,14.05
116,Natitingou,BJ,1666577433,10.3042,1.3796,72.37,72.37,50,93,3.0
117,Ketchikan,US,1666577178,55.3422,-131.6461,46.87,46.87,93,100,19.57
118,Bairiki Village,KI,1666577433,1.3292,172.9752,77.0,77.0,94,75,12.66
119,Kallaste,EE,1666577434,58.655,27.1592,35.29,37.63,80,50,8.55
120,La Cruz,MX,1666577434,23.9167,-106.9,76.55,76.55,84,8,3.15
121,Pokhara,NP,1666577387,28.2333,83.9833,67.3,67.3,51,0,6.04
122,Padang,ID,1666577435,-0.9492,100.3543,84.25,84.25,78,96,1.43
123,San Vicente,AR,1666577435,-26.6167,-54.1333,58.8,58.8,92,0,3.8
124,Rocha,UY,1666577436,-34.4833,-54.3333,52.39,52.39,97,24,4.14
125,Khor,RU,1666577436,47.8861,134.9464,41.2,41.2,51,3,7.96
126,Arraial do Cabo,BR,1666577350,-22.9661,-42.0278,71.47,71.47,80,93,4.41
127,Airai,TL,1666577437,-8.9266,125.4092,77.04,77.04,45,81,1.68
128,College,US,1666577437,64.8569,-147.8028,29.41,31.21,94,75,0.0
129,Hilo,US,1666577068,19.7297,-155.09,78.37,79.61,78,40,3.44
130,Tarn Taran,IN,1666577437,31.45,74.9253,57.22,57.22,45,0,1.9
131,Port Alfred,ZA,1666577201,-33.5906,26.891,65.61,65.61,87,57,2.06
132,Qaanaaq,GL,1666577232,77.484,-69.3632,20.01,20.01,94,100,1.34
133,Kapaa,US,1666577235,22.0752,-159.319,80.31,82.38,78,75,14.97
134,Tura,IN,1666577438,25.5198,90.2201,70.75,70.75,84,100,1.23
135,Thinadhoo,MV,1666577439,0.5333,72.9333,82.15,82.15,73,15,10.38
136,Zhob,PK,1666577439,31.3411,69.4481,59.13,59.13,30,0,2.98
137,Fendou,CN,1666577440,45.2,130.9167,40.77,40.77,43,1,6.76
138,Urucará,BR,1666577440,-2.5364,-57.76,80.55,80.55,67,72,2.26
139,Lagoa,PT,1666577318,39.05,-27.9833,64.06,64.06,72,3,17.6
140,Stranda,NO,1666577441,62.3096,6.9358,44.74,45.36,92,100,4.81
141,Touros,BR,1666577441,-5.1989,-35.4608,77.83,77.83,82,11,11.92
142,Masallātah,LY,1666577441,32.6167,14.0,67.87,67.87,51,0,10.04
143,Anklam,DE,1666577442,53.8564,13.6897,54.55,54.55,96,100,9.4
144,San Juan,AR,1666576893,-31.5375,-68.5364,72.16,72.16,29,0,6.24
145,Huarmey,PE,1666577442,-10.0681,-78.1522,61.93,61.93,84,97,8.61
146,Avarua,CK,1666577271,-21.2078,-159.775,71.65,71.65,94,75,12.66
147,Kantyshevo,RU,1666577443,43.2264,44.6381,38.86,38.86,100,100,4.47
148,Havelock,US,1666577443,34.8791,-76.9013,61.09,62.6,89,100,13.8
149,Rock Sound,BS,1666577357,24.9,-76.2,80.67,80.67,66,3,13.22
150,Codrington,AU,1666577218,-38.2667,141.9667,54.61,54.61,96,100,18.48
151,Faanui,PF,1666577444,-16.4833,-151.75,79.48,79.48,74,26,7.18
152,Pauini,BR,1666577444,-7.7136,-66.9764,73.44,73.44,97,99,0.76
153,Nelson,NZ,1666577356,-41.2833,173.2833,73.29,73.29,42,82,3.0
154,Cabo San Lucas,MX,1666576992,22.8909,-109.9124,76.51,76.51,70,16,8.01
155,Lircay,PE,1666577445,-12.9896,-74.7205,51.53,51.53,81,98,5.17
156,Bairnsdale,AU,1666577445,-37.8333,147.6167,63.05,63.05,88,99,5.01
157,Udachny,RU,1666577446,66.4167,112.4,28.45,28.45,92,100,4.56
158,Hohoe,GH,1666577446,7.1518,0.4736,74.34,74.34,90,100,2.95
159,Manggar,ID,1666577446,-2.8833,108.2667,79.5,79.5,83,100,1.14
160,Wuda,CN,1666577447,39.4994,106.7117,57.06,57.06,32,0,9.62
161,Cassilândia,BR,1666577447,-19.1133,-51.7342,75.25,75.25,63,99,3.8
162,Khandyga,RU,1666577447,62.6667,135.6,14.59,14.59,88,96,5.21
163,Jāwā,JO,1666577448,31.8525,35.9393,61.11,61.11,77,5,5.75
164,Aykhal,RU,1666577448,66.0,111.5,29.32,29.32,97,100,4.36
165,Ponta do Sol,PT,1666577254,32.6667,-17.1,67.93,70.0,62,100,6.49
166,Severo-Yeniseyskiy,RU,1666577449,60.3725,93.0408,25.36,25.36,79,100,13.89
167,Emerald,AU,1666577449,-23.5333,148.1667,88.34,88.34,42,45,11.99
168,Los Llanos de Aridane,ES,1666577164,28.6585,-17.9182,63.12,64.15,76,0,7.0
169,Yanaul,RU,1666577450,56.2719,54.9309,35.29,35.29,75,100,15.57
170,Barillas,GT,1666577358,15.8036,-91.3158,62.13,62.13,99,99,0.92
171,Mbini,GQ,1666577450,1.574,9.6134,76.03,76.03,90,100,2.75
172,Marsh Harbour,BS,1666577138,26.5412,-77.0636,79.12,79.12,63,0,13.62
173,Denpasar,ID,1666577289,-8.65,115.2167,83.71,83.86,83,20,9.22
174,Paita,PE,1666577451,-5.0892,-81.1144,62.24,62.24,86,99,13.53
175,Santiago de Cao,PE,1666577452,-7.9589,-79.2392,60.93,60.93,88,75,9.22
176,New Norfolk,AU,1666577187,-42.7826,147.0587,52.86,55.92,71,100,1.99
177,Lüderitz,NA,1666577192,-26.6481,15.1594,58.44,58.44,88,87,15.39
178,Phan Thiet,VN,1666577453,10.9333,108.1,83.01,83.01,73,100,0.18
179,Saint-Pierre,RE,1666577453,-21.3393,55.4781,67.3,71.91,68,0,3.44
180,Opuwo,NA,1666577453,-18.0607,13.84,74.97,74.97,32,98,2.8
181,Abu Samrah,SY,1666577454,35.3029,37.1841,64.04,64.04,63,4,3.47
182,Pisco,PE,1666577454,-13.7,-76.2167,60.85,61.02,82,0,5.75
183,Horana,LK,1666577455,6.7166,80.0619,76.86,76.86,88,94,1.52
184,Olinda,BR,1666577255,-8.0089,-34.8553,77.45,77.45,81,25,9.86
185,Zharkovskiy,RU,1666577455,55.849,32.2697,43.57,43.57,91,100,7.47
186,Pinawa,CA,1666577456,50.1489,-95.8811,54.0,54.0,86,86,12.39
187,Sørland,NO,1666577456,67.667,12.6934,39.06,39.06,59,100,9.15
188,Shihezi,CN,1666577457,44.3,86.0333,46.63,46.63,75,100,7.76
189,Alenquer,BR,1666577457,-1.9417,-54.7383,80.91,80.91,67,31,4.0
190,Faya,SA,1666577457,18.3851,42.4509,54.12,54.12,69,0,1.3
191,Bakreswar,IN,1666577458,23.8833,87.3667,75.29,75.29,77,99,8.59
192,Orange Cove,US,1666577459,36.6244,-119.3137,59.86,64.06,29,0,5.75
193,Tiksi,RU,1666577210,71.6872,128.8694,20.28,20.28,94,97,9.15
194,Saint Paul Harbor,US,1666577459,57.79,-152.4072,45.91,45.91,42,0,12.66
195,Labuhan,ID,1666577460,-6.8844,112.2051,85.17,85.17,66,98,5.5
196,Mount Vernon,US,1666577460,40.9126,-73.8371,56.35,58.8,69,100,18.41
197,Vao,NC,1666577179,-22.6667,167.4833,72.57,72.57,78,100,23.51
198,São João dos Patos,BR,1666577460,-6.495,-43.7022,76.51,76.51,65,15,3.65
199,Presidente Médici,BR,1666577448,-11.1753,-61.9014,72.61,72.61,92,29,2.98
200,Lata,PT,1666577461,40.1629,-8.3327,55.92,58.08,95,27,4.56
201,Iqaluit,CA,1666577252,63.7506,-68.5145,29.7,29.7,92,100,5.99
202,Villa Carlos Paz,AR,1666577462,-31.4241,-64.4978,63.32,63.9,34,3,5.99
203,Puerto Escondido,MX,1666577251,15.85,-97.0667,81.43,81.43,61,100,4.61
204,Bereznehuvate,UA,1666577463,47.3078,32.8499,50.36,50.36,92,72,9.42
205,Sobolevo,RU,1666577244,54.4299,31.8996,44.42,44.42,94,100,8.72
206,Te Anau,NZ,1666577354,-45.4167,167.7167,43.56,43.56,95,100,2.24
207,Umluj,SA,1666577219,25.0213,37.2685,77.23,77.23,59,5,11.99
208,Fortuna,US,1666577464,40.5982,-124.1573,52.77,53.98,79,0,6.91
209,Malumfashi,NG,1666577464,11.7853,7.6218,72.46,72.46,31,99,6.22
210,Ust-Nera,RU,1666577465,64.5667,143.2,0.93,0.93,95,62,5.14
211,Mount Gambier,AU,1666577248,-37.8333,140.7667,57.11,57.11,94,100,14.97
212,St. George's,GD,1666577255,12.0564,-61.7485,81.16,81.16,79,10,12.24
213,Lukulu,ZM,1666577466,-14.3707,23.242,68.14,68.14,63,97,4.16
214,Klaksvík,FO,1666577352,62.2266,-6.589,45.52,45.52,84,100,19.46
215,Sikasso,ML,1666577466,10.9167,-7.0,77.16,77.16,67,85,0.98
216,Thompson,CA,1666577195,55.7435,-97.8558,30.47,30.47,69,100,9.95
217,Shenjiamen,CN,1666577467,29.9576,122.298,66.07,66.07,50,100,19.08
218,Flinders,AU,1666577468,-34.5833,150.8552,65.32,66.18,94,100,5.99
219,Naze,JP,1666577468,28.3667,129.4833,70.61,70.61,60,12,19.93
220,Gravdal,NO,1666577468,68.1214,13.5031,38.66,38.66,59,100,5.68
221,Fort Nelson,CA,1666577469,58.8053,-122.7002,25.18,25.18,88,100,2.98
222,Derzhavīnsk,KZ,1666577470,51.1,66.3167,29.44,29.44,62,0,8.81
223,Maridi,SS,1666577471,4.9158,29.4742,66.54,66.54,98,19,3.38
224,Aquiraz,BR,1666577471,-3.9014,-38.3911,80.19,80.19,81,14,10.94
225,Two Rivers,US,1666577472,44.1539,-87.5693,59.45,64.38,82,20,14.97
226,La Baule-Escoublac,FR,1666577472,47.2922,-2.364,61.72,62.26,84,100,26.46
227,Vila Velha,BR,1666577472,-20.3297,-40.2925,71.98,71.98,85,100,3.44
228,Madawaska,US,1666577473,47.3561,-68.3288,54.01,58.3,58,0,5.75
229,Moba,CN,1666577473,33.2288,105.0179,51.71,51.71,90,100,4.05
230,Manohar Thāna,IN,1666577474,24.24,76.8018,68.36,68.36,53,0,2.28
231,Bonthe,SL,1666577474,7.5264,-12.505,76.77,76.77,86,72,2.75
232,Havre-St-Pierre,CA,1666577475,50.2334,-63.5986,46.71,46.71,88,32,5.28
233,Jega,NG,1666577476,12.2175,4.3792,77.94,77.94,32,100,7.56
234,Galesong,ID,1666577288,-5.3166,119.3661,87.82,87.82,71,95,4.25
235,Nabire,ID,1666577477,-3.3667,135.4833,86.68,86.68,65,100,4.56
236,Cukai,MY,1666577477,4.25,103.4167,79.38,79.38,72,100,4.92
237,Palu,ID,1666577478,-0.8917,119.8707,88.09,88.09,63,92,1.97
238,Salalah,OM,1666577191,17.0151,54.0924,75.29,75.29,69,0,3.44
239,Bambous Virieux,MU,1666577499,-20.3428,57.7575,70.05,70.21,94,75,4.61
240,Maputo,MZ,1666577500,-25.9653,32.5892,71.38,71.38,85,83,4.65
241,Luanda,AO,1666577411,-8.8368,13.2343,75.22,75.22,87,96,7.29
242,Ngerengere,TZ,1666577500,-6.75,38.1167,67.86,67.86,98,69,0.92
243,Cervo,ES,1666577501,43.6702,-7.4101,60.71,60.71,72,11,15.03
244,Portland,US,1666577006,45.5234,-122.6762,51.66,54.79,73,74,3.0
245,Steinbach am Taunus,DE,1666577501,50.1667,8.5667,54.75,58.6,94,98,4.61
246,Cedro,BR,1666577502,-6.6067,-39.0622,79.5,79.5,66,82,8.34
247,Wajima,JP,1666577502,37.4,136.9,57.96,57.96,54,88,14.56
248,Honningsvåg,NO,1666577502,70.9821,25.9704,38.95,38.95,65,75,11.5
249,Kulhudhuffushi,MV,1666577503,6.6221,73.07,80.69,80.69,80,88,14.9
250,Katsuura,JP,1666577503,35.1333,140.3,57.22,57.22,82,100,20.49
251,Griffith,US,1666577504,41.5284,-87.4237,71.28,73.26,51,75,18.41
252,Price,US,1666577504,39.5994,-110.8107,34.86,37.11,55,0,17.27
253,Aklavik,CA,1666577249,68.2191,-135.0107,8.11,8.11,98,91,0.34
254,Port Antonio,JM,1666577505,18.18,-76.4612,76.95,76.95,81,22,2.26
255,Jianning,CN,1666577505,27.8333,113.15,71.4,71.4,38,96,3.78
256,Jumla,NP,1666577505,29.2747,82.1838,50.11,50.11,56,0,2.39
257,Yangi Marg`ilon,UZ,1666577229,40.4272,71.7189,50.72,50.72,87,100,4.61
258,Daudnagar,IN,1666577506,25.0333,84.4,68.0,68.0,63,77,6.31
259,Vila do Maio,CV,1666577506,15.1333,-23.2167,75.99,75.99,76,7,11.52
260,Berdigestyakh,RU,1666577507,62.0989,126.6992,27.82,27.82,88,100,12.15
261,Palana,RU,1666577507,59.1167,159.9667,28.09,28.09,68,62,5.99
262,Oranjemund,NA,1666577357,-28.55,16.4333,60.6,60.6,84,100,6.64
263,Makkah al Mukarramah,SA,1666577238,21.4267,39.8261,77.38,77.38,66,0,3.74
264,Krasnosel'kup,RU,1666577364,65.7,82.4667,27.09,27.09,79,100,15.12
265,Lar,IN,1666577508,26.2039,83.9717,71.17,71.17,65,47,5.3
266,Port Elizabeth,ZA,1666577340,-33.918,25.5701,63.1,63.1,91,45,4.34
267,Kysyl-Syr,RU,1666577509,63.8986,122.7617,30.15,30.15,96,100,11.81
268,Smolenka,RU,1666577509,52.1352,113.4974,28.47,28.47,74,34,0.0
269,Qinhuangdao,CN,1666577494,39.9317,119.5883,58.68,58.68,41,10,5.35
270,Atar,MR,1666577510,20.5169,-13.0499,84.33,84.33,15,0,5.88
271,Kahului,US,1666577510,20.8947,-156.47,81.84,82.42,73,40,19.57
272,Sinegor'ye,RU,1666577511,62.0788,150.477,5.27,5.27,87,32,1.32
273,Morón,AR,1666577511,-34.6534,-58.6198,60.33,62.35,91,2,8.55
274,Necochea,AR,1666577511,-38.5473,-58.7368,55.08,55.08,64,0,17.47
275,Westport,US,1666577512,41.1415,-73.3579,55.65,58.55,72,100,13.8
276,Bilibino,RU,1666577512,68.0546,166.4372,1.38,1.38,98,98,1.41
277,Wuwei,CN,1666577513,37.9281,102.6414,56.25,56.25,34,99,1.72
278,Laas,IT,1666577223,46.6166,10.7002,51.37,51.37,97,98,4.54
279,Cairns,AU,1666577513,-16.9167,145.7667,88.9,99.07,69,0,10.36
280,Trairi,BR,1666577305,-3.2778,-39.2689,78.44,78.44,81,26,10.0
281,Hay River,CA,1666577514,60.8156,-115.7999,26.4,26.4,81,74,7.23
282,Mil'kovo,RU,1666577514,54.7167,158.6167,33.06,33.06,52,92,0.51
283,San Miguel de Cozumel,MX,1666577515,20.5083,-86.9458,78.19,80.08,82,0,7.0
284,Nhulunbuy,AU,1666577515,-12.2333,136.7667,88.99,88.99,61,47,14.67
285,Palmer,US,1666577121,42.1584,-72.3287,50.2,53.62,83,100,4.61
286,Baghdad,IQ,1666577515,33.3406,44.4009,73.31,73.31,40,97,6.91
287,Sola,VU,1666577516,-13.8833,167.55,78.64,78.64,78,100,6.08
288,Mackay,AU,1666577342,-21.15,149.2,92.68,92.68,69,5,17.54
289,Cayenne,GF,1666577208,4.9333,-52.3333,78.84,78.84,89,0,2.3
290,Huntsville,US,1666577280,34.7304,-86.5861,58.24,62.15,63,28,4.76
291,Verkhoyansk,RU,1666577516,67.5447,133.385,7.5,7.5,90,94,3.83
292,Maracaçumé,BR,1666577517,-2.0428,-45.9592,75.13,75.13,86,99,4.61
293,São Félix do Xingu,BR,1666577358,-6.6447,-51.995,74.71,74.71,81,58,1.7
294,Atasū,KZ,1666577517,48.6814,71.6433,27.01,27.01,58,6,4.0
295,Quryq,KZ,1666577518,43.2,51.65,50.94,50.94,64,69,12.19
296,Taoudenni,ML,1666577518,22.6783,-3.9836,79.83,79.83,15,100,10.76
297,Rome,US,1666577518,43.2128,-75.4557,53.74,58.87,65,0,5.75
298,Jām Sāhib,PK,1666577519,26.2958,68.6292,76.78,76.78,33,0,3.8
299,Anchorage,US,1666577283,61.2181,-149.9003,34.59,37.45,66,0,5.75
300,Port Hardy,CA,1666577520,50.6996,-127.4199,44.01,44.01,92,100,20.02
301,Nemuro,JP,1666577520,43.3236,145.575,48.36,48.36,78,96,13.09
302,Ancud,CL,1666577521,-41.8697,-73.8203,50.56,50.56,90,100,22.17
303,Bilma,NE,1666577521,18.6853,12.9164,75.18,75.18,30,46,14.63
304,Narsaq,GL,1666577522,60.9167,-46.05,34.02,34.02,99,100,3.22
305,Mumford,GH,1666577522,5.2618,-0.759,77.54,77.54,85,29,3.33
306,Ciudad Bolivar,VE,1666577522,8.1222,-63.5497,81.66,81.66,73,100,10.6
307,Grindavik,IS,1666577355,63.8424,-22.4338,43.27,43.27,87,100,17.27
308,Plettenberg Bay,ZA,1666577523,-34.0527,23.3716,60.48,60.48,90,59,3.91
309,Krasnyy Yar,RU,1666577524,46.5331,48.3456,41.97,42.73,82,100,7.34
310,Tarutyne,UA,1666577524,46.1858,29.1506,51.3,51.3,86,6,4.16
311,Ixtapa,MX,1666577525,20.7,-105.2,74.86,74.86,95,71,2.19
312,Sitka,US,1666577246,57.0531,-135.33,48.09,48.09,57,100,12.66
313,Casablanca,MA,1666577229,33.5928,-7.6192,69.33,69.33,88,62,4.0
314,Bima,ID,1666577526,-8.4667,118.7167,92.41,92.41,51,67,2.19
315,Rodrigues Alves,BR,1666577526,-7.738,-72.6509,72.91,72.91,97,100,0.76
316,Alice Springs,AU,1666577284,-23.7,133.8833,78.35,78.35,47,0,10.36
317,Puerto Madryn,AR,1666577428,-42.7692,-65.0385,69.67,69.67,19,33,14.7
318,Khani,GE,1666577527,41.9563,42.9566,40.57,40.57,69,100,2.75
319,Pahrump,US,1666577527,36.2083,-115.9839,57.49,58.24,17,0,10.0
320,Honiara,SB,1666577528,-9.4333,159.95,83.89,83.89,76,100,4.05
321,Ostrovnoy,RU,1666577528,68.0531,39.5131,39.4,39.4,73,100,31.47
322,Port Blair,IN,1666577529,11.6667,92.75,82.04,82.04,82,92,17.38
323,Camacha,PT,1666577529,33.0833,-16.3333,65.62,65.62,73,40,3.44
324,Namatanai,PG,1666577529,-3.6667,152.4333,86.74,86.74,59,100,1.03
325,Itarema,BR,1666577530,-2.9248,-39.9167,78.64,78.64,83,24,13.96
326,Poli,TZ,1666577531,-3.3333,36.8,58.6,58.6,93,93,3.24
327,Alpena,US,1666577531,45.0617,-83.4327,54.82,64.65,88,0,4.61
328,Lianzhou,CN,1666577532,24.7811,112.3825,80.58,80.58,29,4,4.81
329,Trani,IT,1666577532,41.2727,16.4154,57.52,57.52,61,2,2.42
330,Santa Lucía,ES,1666577532,27.9117,-15.5407,63.7,63.72,78,20,9.22
331,Pevek,RU,1666577239,69.7008,170.3133,14.65,14.65,94,100,3.2
332,Vanimo,PG,1666577533,-2.6741,141.3028,86.4,86.4,63,89,6.42
333,Karratha,AU,1666577533,-20.7377,116.8463,82.24,82.24,36,78,15.39
334,São Filipe,CV,1666577534,14.8961,-24.4956,78.82,78.82,71,0,7.36
335,Libertador General San Martín,AR,1666577534,-23.8064,-64.7876,75.9,75.9,48,73,2.01
336,Camargo,MX,1666577535,27.6667,-105.1667,73.51,73.51,47,60,11.56
337,Bisira,PA,1666577535,8.5196,-81.7115,59.4,59.4,96,100,2.19
338,Stara Vyzhivka,UA,1666577536,51.4376,24.44,47.8,47.8,94,47,5.61
339,Nicoya,CR,1666577227,10.1483,-85.452,74.34,74.34,94,100,4.45
340,Cap-Chat,CA,1666577536,49.1001,-66.6821,52.02,52.02,88,100,4.41
341,Kwinana,AU,1666577537,-32.25,115.7667,66.06,69.17,74,4,5.01
342,Lappeenranta,FI,1666577537,61.0587,28.1887,32.38,34.79,89,0,5.75
343,Ahar,IR,1666577538,38.4774,47.0699,47.52,47.52,78,0,5.82
344,Davila,PH,1666577538,18.4726,120.5763,83.98,83.98,74,100,16.37
345,Harpālpur,IN,1666577539,25.2884,79.3347,69.69,69.69,56,0,3.31
346,Malārd,IR,1666577539,35.6659,50.9767,62.78,62.78,39,0,4.5
347,Luba,GQ,1666577540,3.4568,8.5547,78.15,78.15,84,100,0.87
348,Bengkulu,ID,1666577540,-3.8004,102.2655,79.5,79.5,83,91,3.38
349,Wamba,NG,1666577541,8.9333,8.6,72.46,72.46,74,100,1.86
350,Casper,US,1666577394,42.8666,-106.3131,33.51,33.73,91,100,6.91
351,Barre,US,1666577542,44.197,-72.5021,53.42,58.48,66,0,3.44
352,Beringovskiy,RU,1666577543,63.05,179.3167,24.35,24.35,66,12,2.77
353,Zherdevka,RU,1666577543,51.8486,41.4606,44.46,44.46,93,100,11.79
354,Muhafazat Lahij,YE,1666577544,13.1667,44.5833,74.16,74.16,79,2,3.29
355,Muros,ES,1666577544,42.7762,-9.0603,62.47,62.83,80,94,12.66
356,Harper,LR,1666577545,4.375,-7.7169,76.78,76.78,89,100,6.8
357,Kalemie,CD,1666577545,-5.9475,29.1947,70.77,70.77,48,99,4.43
358,Garden City,US,1666577546,42.3256,-83.331,59.04,62.96,69,20,8.05
359,Laguna,US,1666577546,38.421,-121.4238,64.83,66.18,28,0,14.97
360,Talnakh,RU,1666577217,69.4865,88.3972,17.76,17.76,96,99,7.54
361,Kjøllefjord,NO,1666577547,70.9457,27.3465,37.22,39.25,75,75,12.66
362,Zunyi,CN,1666577547,27.6867,106.9072,66.9,66.9,38,15,6.91
363,Santa Isabel Rio Negro,BR,1666577548,-0.4139,-65.0192,73.85,73.85,99,100,2.84
364,Kruisfontein,ZA,1666577212,-34.0033,24.7314,60.89,60.89,93,46,3.53
365,Arona,ES,1666577548,28.0996,-16.681,62.71,64.98,88,20,4.61
366,Port Lincoln,AU,1666577549,-34.7333,135.8667,61.5,61.5,80,96,15.46
367,Arrondissement de Montauban,FR,1666577549,44.0833,1.5,59.81,59.81,81,100,3.56
368,Makakilo City,US,1666577549,21.3469,-158.0858,83.03,84.52,59,0,17.27
369,Viranşehir,TR,1666577550,37.2353,39.7631,60.44,60.44,35,0,5.1
370,Ginir,ET,1666577550,7.1333,40.7,55.51,55.51,86,15,3.87
371,Vrangel',RU,1666577550,42.7297,133.0839,45.59,45.59,42,0,9.42
372,Lompoc,US,1666577356,34.6391,-120.4579,58.17,64.78,72,0,13.8
373,Gaza,PS,1666577551,31.5,34.4667,71.76,71.76,65,0,6.78
374,La Libertad,EC,1666577551,-2.2333,-80.9,68.63,68.63,83,100,9.37
375,Suntar,RU,1666577535,62.1444,117.6319,39.81,39.81,83,45,11.83
376,Sharjah city,AE,1666577452,25.3573,55.4033,71.89,78.78,88,0,4.61
377,Asău,RO,1666577552,46.4333,26.4,40.12,40.28,91,18,5.61
378,Burnie,AU,1666577552,-41.0667,145.9167,58.95,58.95,56,100,20.18
379,Guaiúba,BR,1666577553,-4.0397,-38.6372,79.56,79.56,89,31,3.89
380,Cap-aux-Meules,CA,1666577553,47.3821,-61.8597,54.82,54.82,79,100,7.49
381,Krasnoturansk,RU,1666577553,54.3186,91.5639,34.77,34.77,64,100,12.91
382,Leshukonskoye,RU,1666577554,64.8989,45.7622,31.98,31.98,92,100,9.84
383,Wewak,PG,1666577554,-3.5534,143.6268,82.36,82.36,77,97,3.98
384,Kazachinskoye,RU,1666577554,57.6953,93.2761,31.8,31.8,82,84,11.52
385,Agía Galíni,GR,1666577555,35.1,24.6833,63.84,63.84,38,0,3.29
386,Port Hedland,AU,1666577555,-20.3167,118.5667,87.85,87.85,33,5,9.22
387,Kondinskoye,RU,1666577556,59.6481,67.41,31.51,31.51,73,100,17.76
388,Datong,CN,1666577556,40.0936,113.2914,53.06,53.06,20,0,3.62
389,Gorontalo,ID,1666577557,0.5412,123.0595,82.45,82.45,78,100,2.08
390,Mazamari,PE,1666577557,-11.3258,-74.5308,69.98,69.98,98,93,0.92
391,Vostok,RU,1666577557,46.4856,135.8833,35.98,35.98,49,9,4.94
392,Mercedes,AR,1666577558,-34.6515,-59.4307,54.61,55.78,86,1,9.42
393,Neiafu,TO,1666577558,-18.65,-173.9833,77.68,77.68,78,75,10.36
394,Port Macquarie,AU,1666577542,-31.4333,152.9167,66.88,66.88,91,100,1.19
395,Takoradze,GH,1666577245,4.8845,-1.7554,76.98,76.98,89,30,4.29
396,Volokolamsk,RU,1666577559,56.0336,35.9694,41.94,41.94,91,100,9.04
397,Zhuanghe,CN,1666577559,39.7008,122.9911,52.79,52.79,37,10,5.39
398,Kerewan,GM,1666577560,13.4898,-16.0888,77.99,77.99,85,54,6.29
399,Cap Malheureux,MU,1666577560,-19.9842,57.6142,70.47,70.47,76,33,1.99
400,Abéché,TD,1666577560,13.8292,20.8324,84.15,84.15,20,95,18.12
401,Saint-François,FR,1666577561,46.4154,3.9054,62.04,62.04,77,0,3.44
402,Kuah,MY,1666577561,6.3265,99.8432,81.12,81.12,76,52,5.88
403,Matai,TZ,1666577561,-8.3,31.5167,59.86,59.86,50,56,5.86
404,Loukhi,RU,1666577562,66.0764,33.0381,36.19,36.19,71,38,14.18
405,Quelimane,MZ,1666577562,-17.8786,36.8883,75.13,75.13,87,100,7.29
406,Clyde River,CA,1666577037,70.4692,-68.5914,23.23,23.23,93,100,8.05
407,Banda Aceh,ID,1666577562,5.5577,95.3222,82.63,82.63,73,98,8.79
408,Byron Bay,AU,1666577290,-28.65,153.6167,75.94,77.7,67,100,6.67
409,City of San Pedro,PH,1666577483,14.35,121.0167,87.69,88.32,70,100,7.52
410,Wexford,IE,1666577563,52.3342,-6.4575,54.86,54.9,96,100,7.0
411,Pedasí,PA,1666577563,7.5333,-80.0333,75.07,75.07,83,89,5.32
412,Yārāda,IN,1666577564,17.65,83.2667,75.52,75.52,88,40,3.44
413,Bonfim,BR,1666577564,3.0833,-59.95,80.69,80.69,74,100,4.45
414,Tezu,IN,1666577565,27.9167,96.1667,75.9,75.9,60,100,1.5
415,Løjt Kirkeby,DK,1666577565,55.0833,9.4667,54.79,55.35,96,100,10.25
416,Saint-Augustin,CA,1666577565,51.226,-58.6502,47.7,47.7,65,1,7.99
417,Maryville,US,1666577566,35.7565,-83.9705,56.14,62.1,67,40,3.0
418,Beyneu,KZ,1666577566,45.3167,55.2,43.36,43.36,78,2,10.71
419,Isiro,CD,1666577567,2.7739,27.616,64.49,64.49,98,100,3.09
420,Waipawa,NZ,1666577567,-41.4122,175.5153,62.53,62.53,57,100,5.91
421,Ndélé,CF,1666577567,8.4109,20.6473,70.16,70.16,70,21,3.49
422,Kaeo,NZ,1666577568,-35.1,173.7833,67.06,67.06,50,4,7.16
423,Boende,CD,1666577568,-0.2167,20.8667,70.7,70.7,97,100,0.43
424,Arkhipo-Osipovka,RU,1666577569,44.37,38.52,57.09,57.09,85,91,10.16
425,Ponta Delgada,PT,1666577569,37.7333,-25.6667,61.52,62.51,82,20,10.36
426,Aktas,KZ,1666577363,49.7789,72.9608,25.5,25.5,68,0,5.21
427,Liuhe,CN,1666577570,42.2401,125.7172,40.68,40.68,41,0,4.74
428,Barra do Garças,BR,1666577504,-15.89,-52.2567,74.66,74.66,86,100,0.87
429,Tandaltī,SD,1666577570,13.0167,31.8667,85.01,85.01,25,15,13.58
430,Sinnamary,GF,1666577571,5.3833,-52.95,81.0,81.0,85,64,11.99
431,Ballina,AU,1666577461,-28.8667,153.5667,76.01,77.77,85,100,10.31
432,Soyo,AO,1666577572,-6.1349,12.3689,76.03,76.03,91,93,5.88
433,Nichinan,JP,1666577572,31.6,131.3667,69.31,69.31,52,38,5.93
434,Djibouti,DJ,1666577573,11.5,42.5,74.16,74.16,73,8,12.26
435,Fougamou,GA,1666577573,-1.2154,10.5838,74.01,74.01,100,100,1.3
436,Yumen,CN,1666577574,40.2833,97.2,53.91,53.91,23,1,3.02
437,Staphorst,NL,1666577574,52.645,6.2111,59.36,61.2,87,98,14.65
438,Zhuhai,CN,1666577574,22.2769,113.5678,78.53,84.85,69,40,9.22
439,Luwuk,ID,1666577575,-0.9516,122.7875,86.86,86.86,62,98,3.04
440,Aden,YE,1666577575,12.7794,45.0367,81.79,81.79,71,0,10.96
441,Ampanihy,MG,1666577575,-24.7,44.75,66.97,66.97,87,2,4.97
442,Oktyabr'skoye,RU,1666577576,43.0645,44.7417,37.54,37.54,100,100,4.47
443,Viramgam,IN,1666577576,23.1225,72.0484,75.25,75.25,35,0,5.95
444,Dingle,PH,1666577576,10.9995,122.6711,85.28,85.28,72,100,7.09
445,Bathsheba,BB,1666577577,13.2167,-59.5167,81.25,81.25,83,19,12.66
446,Toktogul,KG,1666577577,41.8708,72.9402,49.5,49.5,90,100,0.56
447,Pangai,TO,1666577578,-19.8,-174.35,74.93,74.93,68,99,21.54
448,Manga,BF,1666577578,11.6636,-1.0731,77.29,77.29,37,31,4.59
449,Ndjolé,GA,1666577578,-0.1783,10.7649,74.16,74.16,99,100,1.92
450,Ţahţā,EG,1666577579,26.7693,31.5021,66.33,66.33,47,0,6.73
451,Puerto El Triunfo,SV,1666577579,13.2833,-88.55,77.88,77.88,87,2,3.24
452,Chaves,US,1666577580,33.3834,-104.4505,72.01,72.01,37,0,12.66
453,Tadine,NC,1666577580,-21.55,167.8833,75.79,75.79,69,100,19.48
454,Zagora,MA,1666577580,30.3484,-5.8365,67.77,67.77,18,100,3.49
455,Vershino-Darasunskiy,RU,1666577581,52.35,115.5167,35.35,35.35,49,13,6.29
456,Alençon,FR,1666577581,48.4333,0.0833,58.39,58.39,83,100,19.95
457,Papar,MY,1666577582,5.7333,115.9333,83.89,84.2,71,95,4.47
458,Sioux Lookout,CA,1666577582,50.1001,-91.917,53.02,53.02,91,4,10.04
459,Trondheim,NO,1666577583,63.4305,10.3951,33.96,39.29,93,76,7.74
460,Nosy Varika,MG,1666577583,-20.5833,48.5333,69.46,69.46,90,13,10.11
461,Pochutla,MX,1666577584,15.7432,-96.4661,78.82,78.82,89,73,2.95
462,Muli,MV,1666577585,2.9167,73.5667,81.84,81.84,79,81,14.7
463,Vardø,NO,1666577231,70.3705,31.1107,37.38,37.38,81,20,16.11
464,Abu Dhabi,AE,1666577474,24.4667,54.3667,78.82,78.82,73,0,2.3
465,Vila Franca do Campo,PT,1666577586,37.7167,-25.4333,62.2,62.2,78,48,17.2
466,Araouane,ML,1666577586,18.9048,-3.5265,81.5,81.5,14,100,11.43
467,Muskegon,US,1666577587,43.3,-86.1334,68.32,69.82,57,20,13.8
468,Nueva Loja,EC,1666577588,0.0847,-76.8828,71.02,71.02,99,99,0.49
469,Kalāleh,IR,1666577589,37.3807,55.4916,60.57,60.57,82,0,0.69
470,Caravelas,BR,1666577589,-17.7125,-39.2481,72.48,72.48,91,100,2.68
471,Martyush,RU,1666577590,56.4,61.8819,30.02,30.02,60,50,13.27
472,Stephenville,US,1666577345,32.2207,-98.2023,78.37,78.93,55,0,18.41
473,Rawson,AR,1666577459,-43.3002,-65.1023,65.91,65.91,25,81,8.52
474,Frontera,MX,1666577591,26.9333,-101.45,76.32,76.32,73,100,1.01
475,Tshela,CD,1666577591,-4.9833,12.9333,74.01,74.01,98,100,0.69
476,Ugoofaaru,MV,1666577592,5.6667,73.0,81.25,81.25,82,96,16.37
477,Kuala Terengganu,MY,1666577592,5.3302,103.1408,82.98,82.98,85,100,6.22
478,Sayyan,YE,1666577592,15.1718,44.3244,53.04,53.04,49,0,3.76
479,Imeni Poliny Osipenko,RU,1666577593,52.4201,136.4853,37.76,37.76,46,5,6.4
480,Sabha,LY,1666577593,27.0377,14.4283,60.21,60.21,45,0,8.84
481,Kalmunai,LK,1666577594,7.4167,81.8167,79.59,79.59,79,88,3.2
482,Sabzawār,IR,1666577594,36.2126,57.6819,61.0,61.0,49,0,4.36
483,Werda,BW,1666577595,-25.2667,23.2833,69.04,69.04,57,60,6.78
484,Chipiona,ES,1666577595,36.7366,-6.437,62.83,63.3,94,0,3.44
485,Beloha,MG,1666577596,-25.1667,45.05,67.17,67.17,91,0,4.81
486,Vodnyy,RU,1666577596,63.5046,53.4095,31.46,31.46,88,100,5.91
487,Monte Patria,CL,1666577597,-30.6919,-70.9467,65.71,65.71,46,5,1.48
488,Guozhen,CN,1666577597,34.3659,107.359,61.92,61.92,59,100,2.91
489,Tonantins,BR,1666577597,-2.8731,-67.8022,73.63,73.63,98,91,1.77
490,Coos Bay,US,1666577598,43.3665,-124.2179,51.62,53.58,88,0,0.0
491,Atherton,GB,1666577598,53.5237,-2.4935,52.99,54.9,95,100,1.99
492,Lingao,CN,1666577599,19.9103,109.6859,78.49,78.49,82,57,14.83
493,Hasaki,JP,1666577599,35.7333,140.8333,54.1,56.21,80,100,23.26
494,Oranjestad,AW,1666577443,12.524,-70.027,83.91,84.15,85,20,12.66
495,Spiridonovka,RU,1666577600,53.0925,50.6462,37.11,37.11,76,90,10.54
496,Forsytheganj,BY,1666577600,52.6333,29.7333,48.54,48.54,88,100,6.87
497,Raahe,FI,1666577601,64.6833,24.4833,35.69,35.69,64,42,15.3
498,Hattiesburg,US,1666577513,31.3271,-89.2903,64.72,66.52,76,0,6.91
499,Ulaangom,MN,1666577601,49.9811,92.0667,35.49,35.49,35,74,13.6
500,Quatre Cocos,MU,1666577602,-20.2078,57.7625,70.09,70.09,79,57,9.31
501,Clarence Town,AU,1666577602,-32.5833,151.7833,64.54,69.57,87,100,2.98
502,Rock Springs,US,1666577321,41.5875,-109.2029,29.34,32.05,68,100,20.71
503,Baykit,RU,1666577603,61.67,96.37,27.54,27.54,82,98,11.92
504,Natchitoches,US,1666577603,31.7668,-93.1335,71.58,72.45,73,0,12.66
505,Agadez,NE,1666577604,19.75,10.25,69.93,69.93,31,72,9.82
506,Praia da Vitória,PT,1666577605,38.7333,-27.0667,61.75,61.75,87,38,14.97
507,Polyarny,RU,1666577605,69.1989,33.4478,37.53,37.53,68,95,17.27
508,Galle,LK,1666577511,6.0367,80.217,78.39,78.39,86,99,9.51
509,Verkhnevilyuysk,RU,1666577606,63.4453,120.3167,35.31,35.31,97,100,12.17
510,Eilat,IL,1666577606,29.5581,34.9482,69.21,69.21,72,2,5.77
511,Margate,GB,1666577606,51.3813,1.3862,58.46,61.9,83,55,10.0
512,Visby,SE,1666577607,57.6409,18.296,48.42,49.05,100,100,12.66
513,Kralendijk,BQ,1666577607,12.15,-68.2667,84.18,84.18,79,75,11.5
514,Andilamena,MG,1666577608,-17.0167,48.5833,57.72,57.72,97,8,2.86
515,San Cristobal,VE,1666577608,7.7669,-72.225,66.42,66.42,95,59,2.39
516,Mount Isa,AU,1666577608,-20.7333,139.5,98.64,98.64,18,6,21.0
517,Coquimbo,CL,1666577224,-29.9533,-71.3436,51.53,51.53,93,0,1.14
518,Conde,BR,1666577609,-7.2597,-34.9075,75.0,75.0,85,6,8.75
519,Sabang,ID,1666577609,5.8933,95.3214,82.44,82.44,75,97,13.42
520,Kargasok,RU,1666577610,59.0556,80.8572,29.68,29.68,76,100,16.62
521,Acajutla,SV,1666577368,13.5928,-89.8275,78.69,78.69,82,4,4.12
522,Den Helder,NL,1666577610,52.9599,4.7593,59.25,60.78,88,100,21.0
523,Macas,EC,1666577611,-2.3167,-78.1167,68.16,68.16,99,100,1.3
524,Hīt,IQ,1666577611,33.6416,42.8251,72.59,72.59,41,100,10.36
525,Khowst,AF,1666577611,33.3833,69.8833,58.1,58.1,44,11,1.36
526,Chara,RU,1666577612,56.9064,118.2631,31.35,31.35,69,100,2.59
527,Yantal',RU,1666577541,56.8471,105.2542,34.07,34.07,84,100,16.4
528,Berbera,SO,1666577612,10.4396,45.0143,82.0,82.0,76,39,5.88
529,Kenai,US,1666577612,60.5544,-151.2583,38.7,40.14,61,0,3.44
530,Mayo,US,1666577613,38.8876,-76.5119,56.12,57.94,94,100,10.36
531,Cittadella,IT,1666577613,45.65,11.7842,60.84,65.39,90,99,3.83
532,San Rafael,AR,1666577614,-34.6177,-68.3301,69.12,69.12,41,12,14.38
533,Riyadh,SA,1666577474,24.6877,46.7219,66.34,66.34,20,0,3.87
534,Mishelevka,RU,1666577614,52.8575,103.1719,39.94,39.94,61,100,16.24
535,Clearwater,US,1666577463,27.9659,-82.8001,70.12,73.92,71,0,4.61
536,Hobyo,SO,1666577615,5.3505,48.5268,78.28,78.28,82,92,10.47
537,Oistins,BB,1666577366,13.0667,-59.5333,81.23,81.23,82,10,13.29
538,Cupşeni,RO,1666577615,47.55,23.9333,40.98,41.36,92,63,3.2
539,Yinchuan,CN,1666577616,38.4681,106.2731,57.45,57.45,32,41,2.57
540,Okhotsk,RU,1666577616,59.3833,143.3,22.28,22.28,45,5,14.07
541,San Fernando del Valle de Catamarca,AR,1666577455,-28.4696,-65.7852,76.68,76.77,50,0,8.01
542,Camapuã,BR,1666577617,-19.5314,-54.0439,73.27,73.27,64,2,5.14
543,Saint-Joseph,RE,1666577617,-21.3667,55.6167,66.58,66.58,79,23,5.08
544,Council Bluffs,US,1666577618,41.2619,-95.8608,77.16,78.76,55,20,23.02
545,Kungurtug,RU,1666577618,50.5994,97.5228,31.44,31.44,87,100,5.73
546,Balatonszárszó,HU,1666577619,46.8295,17.8243,54.86,54.86,99,100,5.26
547,Kavaratti,IN,1666577619,10.5669,72.642,81.12,81.12,74,64,2.06
548,Nara,JP,1666577620,34.6851,135.8049,63.95,63.97,44,45,7.38
549,Yurgamysh,RU,1666577620,55.3714,64.4656,27.41,27.41,62,20,10.47
550,Koumac,NC,1666577621,-20.5667,164.2833,81.73,81.73,66,65,9.44
551,Malaya Serdoba,RU,1666577621,52.4661,44.9512,42.01,42.01,69,100,11.59
552,Dukat,RU,1666577621,62.55,155.55,4.14,4.14,92,70,1.86
553,Leku,ET,1666577622,6.8667,38.45,58.59,58.59,86,94,3.4
554,Camaná,PE,1666577408,-16.6228,-72.7111,62.69,62.69,84,16,8.68
555,Kitob,UZ,1666577622,39.0843,66.8332,57.33,57.33,72,100,4.59
556,Yangambi,CD,1666577623,0.8102,24.4336,68.13,68.13,96,100,1.7
557,Isangel,VU,1666577623,-19.55,169.2667,75.31,75.31,94,100,11.5
558,Severnoye,RU,1666577624,56.3491,78.3619,27.14,27.14,90,68,12.95
559,Ayan,RU,1666577624,56.45,138.1667,34.27,34.27,46,3,8.95
560,Celestún,MX,1666577624,20.8667,-90.4,75.4,75.4,77,8,14.61
561,Wilmington Island,US,1666577521,32.0036,-80.9737,60.28,61.99,92,0,0.0
